"Profile Name","Email Address","Profile Creation Time","Maturity Level","Primary Lang","Has Auto Playback","Max Stream Quality","Profile Lock Enabled"
"Kati","katrin.toom@gmail.com","2020-05-31T06:44:23Z","1000000","en-US","true","UNSPECIFIED","false"
"Laura","","2017-08-09T09:35:29Z","1000000","en-US","true","UNSPECIFIED","false"
"Jaanika","","2017-08-09T09:35:29Z","1000000","en-US","true","UNSPECIFIED","false"
"Kertu","","2017-08-09T09:35:28Z","1000000","en-US","true","UNSPECIFIED","false"
"Agur","agurjogi@gmail.com","2017-08-09T09:23:52Z","1000000","en-US","true","UNSPECIFIED","false"
